sample_created_date,mean_value_scaled
2009-07-08,0.0007389537284562388
2009-07-14,0.001775748351090817
2009-07-15,0.002695007715546282
2009-07-16,0.07920258620689655
2009-07-17,0.003977309773749755
2009-08-18,0.08795725441841347
2009-08-20,0.04742268041237113
2009-08-21,0.0
2009-09-02,0.040197193780811526
2009-09-06,0.05953735305271141
2009-09-06,0.003151420312533959
2009-09-10,0.03830109973454683
2009-09-12,0.020420184567052815
2009-09-13,0.0011838322340605447
2009-09-15,0.0037921880925293897
2009-09-16,0.001282302058203473
2009-09-17,0.06855670103092783
2009-09-18,0.022629310344827586
2009-09-19,0.043978627209206735
2009-09-21,0.04310344827586206
2009-09-28,0.025132534851757315
2009-09-30,0.12020202020202019
2009-10-01,0.0012069196727906657
2009-10-06,0.0002536783358701167
2009-10-08,0.012173571568819949
2009-10-10,0.09105603448275862
2009-10-14,0.0003270111183780248
2009-10-16,0.002455934450457499
2009-10-17,0.020098596890405766
2009-10-17,0.02502844141069397
2009-10-19,0.08118556701030925
2009-10-19,0.08170103092783502
2009-10-20,0.0
2009-10-22,0.07243079256731134
2009-10-25,0.0
2009-10-27,0.0
2009-10-27,0.0
2009-10-27,0.006283133712939329
2009-10-29,0.0026160889470241986
2009-10-30,0.006346308491447697
2009-11-03,0.004411988437547543
2009-11-04,0.0
2009-11-05,0.011666890170309778
2009-11-05,0.010057663939922221
2009-11-05,0.01099637924098163
2009-11-09,0.01182325965529982
2009-11-14,0.0014375105699306614
2009-11-19,0.004658251964753513
2009-11-23,0.09935532802427001
2009-11-23,0.009480470231323474
2009-11-27,0.09428879310344826
2009-12-02,0.043156596794081376
2009-12-09,0.015369522563767167
2009-12-09,0.0026160889470241986
2009-12-13,0.12135001896094047
2009-12-17,0.005976831627219578
2009-12-24,0.036878101113048144
2009-12-26,0.016677567037279264
2009-12-27,0.018581721653394008
2009-12-29,0.0010214948599248006
2009-12-30,0.1647058823529412
2009-12-30,0.0
2009-12-30,0.5882352941176471
2010-01-01,0.3432112068965517
2010-01-01,0.008620689655172414
2010-01-04,0.01931771475544595
2010-01-04,0.3522400328812166
2010-01-08,0.012762615354408011
2010-01-08,0.006675829569998036
2010-01-08,0.012173571568819949
2010-01-08,1.0
2010-01-08,0.03141566856469664
2010-01-08,0.007461221284115452
2010-01-12,0.2158249158249158
2010-01-12,0.03737373737373737
2010-01-12,0.17104377104377103
2010-01-12,0.9289562289562289
2010-01-13,0.07758620689655171
2010-01-14,0.0016517789224315923
2010-01-14,0.0004998804633674556
2010-01-14,0.001108430592684358
2010-01-14,0.0016300449892417029
2010-01-18,0.06494040279490339
2010-01-19,0.005737758362130795
2010-01-21,0.03593167092087179
2010-01-28,0.032826124123781844
2010-01-29,0.0940721649484536
2010-01-31,0.006213211249182473
2010-02-02,0.0011838322340605447
2010-02-04,0.0029123470474451763
2010-02-09,0.06674251042851725
2010-02-22,0.008516313407954276
2010-02-25,0.27417519908987487
2010-03-02,0.01760984783723713
2010-03-06,0.0
2010-03-08,0.10829741379310344
2010-03-09,0.005886200130804447
2010-03-11,0.005759492295320684
2010-03-13,0.03792188092529389
2010-03-21,0.04849979449239621
2010-03-23,0.011755783086841108
2010-03-28,0.0010764467730412005
2010-04-07,0.0013040359913933624
2010-04-10,0.0
2010-04-11,0.08552188552188551
2010-04-14,0.0028254113146856186
2010-04-14,0.003042750646584512
2010-04-15,0.009480470231323474
2010-04-17,0.0021551724137931034
2010-04-18,0.0016952467888113711
2010-04-20,0.03450891164201744
2010-04-23,0.0029123470474451763
2010-04-29,0.0392695857058708
2010-04-29,0.0038251722414205293
2010-05-02,0.02502844141069397
2010-05-04,0.0871352240032881
2010-05-08,0.24410774410774408
2010-05-10,0.003151420312533959
2010-05-17,0.0360257868790292
2010-05-22,0.0004517761255679472
2010-05-23,0.00750972240847526
2010-05-24,0.06560485400075844
2010-05-26,0.0008763991426530127
2010-05-28,0.06120704393913489
2010-05-29,0.023954447280581194
2010-05-31,0.017474965639112508
2010-06-03,0.0
2010-06-03,0.0019125861207102647
2010-06-04,0.47058823529411764
2010-06-06,0.03526734926052332
2010-06-11,0.14536082474226802
2010-06-12,0.006281106691878029
2010-06-13,0.13933415536374844
2010-06-15,0.022753128555176336
2010-06-17,0.003868640107800308
2010-06-22,0.001962371993331746
2010-06-23,0.00025720409621338413
2010-06-24,0.012135001896094046
2010-06-26,0.007963594994311719
2010-06-28,0.08836206896551722
2010-07-02,0.08459051724137931
2010-07-02,0.06987258528565556
2010-07-06,0.0007809273027674515
2010-07-09,0.07920258620689655
2010-07-11,0.12607758620689655
2010-07-15,0.017444065225635193
2010-07-19,0.0015908549654679686
2010-07-21,0.0035426311099519677
2010-07-24,0.08512931034482758
2010-07-26,0.07736063708759953
2010-07-27,0.01381252514415985
2010-07-29,0.9035560344827586
2010-08-11,0.010497489730716568
2010-08-12,0.0
2010-08-12,0.00600142891164563
2010-08-14,0.0824353448275862
2010-08-15,0.04664948453608247
2010-08-18,0.8005232177894049
2010-08-19,0.10959138314241751
2010-08-20,0.0011838322340605447
2010-08-23,0.13686806411837235
2010-08-24,0.07644882860665844
2010-08-25,0.023809523809523808
2010-08-25,0.7474747474747475
2010-08-28,0.6326599326599326
2010-08-30,0.058778915434205534
2010-09-03,0.04687499999999999
2010-09-07,0.0014375105699306614
2010-09-08,0.0038903740409901976
2010-09-11,0.017241379310344827
2010-09-15,0.011564658251964757
2010-09-16,0.0
2010-09-17,0.01770148853426311
2010-09-18,0.11452408039438755
2010-09-20,0.057953144266337846
2010-09-22,0.1946127946127946
2010-09-24,0.15054986727341677
2010-09-26,0.006087163610383425
2010-09-29,0.004905166775670372
2010-10-01,0.01456173523722588
2010-10-03,0.0005919161170302722
2010-10-04,0.2225215517241379
2010-10-06,0.0
2010-10-09,0.17671596511186954
2010-10-12,0.005067873303167421
2010-10-13,0.29305384299219067
2010-10-13,0.003977309773749755
2010-10-17,0.2754208754208754
2010-10-17,0.38461538461538464
2010-10-17,0.21885521885521886
2010-10-18,0.19819587628865978
2010-10-19,0.0
2010-10-19,0.11672831894780104
2010-10-25,0.01423572623937754
2010-10-28,0.10769814182783465
2010-10-29,0.11584051724137931
2010-10-30,0.15948275862068964
2010-10-31,0.1336206896551724
2010-11-01,0.046033703247020136
2010-11-04,0.0023529411764705885
2010-11-05,0.004303318771598096
2010-11-07,0.07273706896551722
2010-11-10,0.06573275862068965
2010-11-11,0.03185437997724687
2010-11-12,0.03261281759575275
2010-11-14,0.058778915434205534
2010-11-16,0.0
2010-11-17,0.006346308491447697
2010-11-18,0.05119453924914676
2010-11-19,0.00475351274112884
2010-11-20,0.0
2010-11-21,0.03919028340080972
2010-11-21,0.04329602286258633
2010-11-23,0.027468933943754083
2010-11-24,0.005232177894048397
2010-11-25,0.0
2010-11-25,0.001478201171428041
2010-11-25,0.0024616069716667795
2010-11-25,0.0021214351539741343
2010-11-25,0.002375017781708652
2010-11-26,1.0
2010-11-26,0.0008859252202905454
2010-11-28,0.0
2010-11-29,0.0
2010-11-29,0.04512703830109973
2010-11-30,0.006067500948047023
2010-11-30,0.006067500948047023
2010-11-30,0.006067500948047023
2010-11-30,0.006067500948047023
2010-12-02,0.007194244604316545
2010-12-04,0.04664391353811149
2010-12-06,0.007809288943690917
2010-12-07,0.0346938775510204
2010-12-09,0.171875
2010-12-10,0.004303318771598096
2010-12-12,0.00042279722645019446
2010-12-12,0.00042279722645019446
2010-12-13,0.1891163793103448
2010-12-15,0.061433447098976114
2010-12-17,0.013407455853499017
2010-12-18,0.0490301724137931
2010-12-18,0.06519396551724137
2010-12-19,0.10238907849829353
2010-12-20,0.039331896551724144
2010-12-21,0.021615472127417518
2010-12-27,0.06719097281586596
2010-12-28,0.057112068965517244
2011-01-04,0.005150631681243925
2011-01-06,0.17995689655172414
2011-01-07,0.060883620689655166
2011-01-15,0.0018522821148285835
2011-01-15,0.0016586637752994632
2011-01-17,0.0515737580583997
2011-01-17,0.02085703450891164
2011-01-20,0.07273706896551724
2011-01-23,0.059916571861964356
2011-01-31,0.007194244604316545
2011-02-01,0.007521255722694571
2011-02-07,0.00882930019620667
2011-02-18,0.0011953663254439155
2011-02-23,0.05387931034482759
2011-02-24,0.02692453545695866
2011-02-25,0.02178380600082203
2011-02-26,0.0023472647845080522
2011-03-01,0.052262931034482756
2011-03-02,0.004578155657292348
2011-03-05,0.0027819434483058398
2011-03-06,0.0010514401637772676
2011-03-07,0.019957132650631107
2011-03-09,0.06257110352673492
2011-03-11,0.0013692377909630305
2011-03-17,0.0018691182543304858
2011-03-19,0.07112068965517242
2011-03-21,0.0490301724137931
2011-03-24,0.005976831627219578
2011-03-29,0.0019560539870900435
2011-03-30,0.0
2011-04-04,0.00046387066048997105
2011-04-06,0.0005919161170302722
2011-04-11,0.006213211249182473
2011-04-18,0.003305548940223863
2011-04-20,0.0006679737511055583
2011-04-21,0.2084175084175084
2011-04-23,0.0021299254526091584
2011-04-25,0.1654094827586207
2011-05-01,0.0006096689688020958
2011-05-03,0.000593754445427163
2011-05-04,0.0013606872707705817
2011-05-05,0.021236253318164578
2011-05-06,0.020474137931034482
2011-05-08,0.0011838322340605447
2011-05-12,0.03450891164201744
2011-05-20,0.0024124665840777205
2011-05-24,0.0028254113146856186
2011-05-25,0.4511784511784512
2011-05-29,0.00228310502283105
2011-05-30,0.09083436087135222
2011-06-01,0.02882062950322336
2011-06-04,0.3154882154882155
2011-06-06,0.09632157755024649
2011-06-07,0.11907327586206896
2011-06-08,0.0
2011-06-13,0.0008658918995812794
2011-06-22,0.12877155172413793
2011-06-25,0.048160788775123246
2011-06-26,0.0030644845797744014
2011-06-28,0.19259259259259257
2011-06-29,0.059597205096588564
2011-07-03,0.4690721649484536
2011-07-04,0.0824353448275862
2011-07-08,0.15906288532675708
2011-07-12,0.00021756156992428863
2011-07-14,0.04778156996587031
2011-07-15,0.13689799014031095
2011-08-10,0.1878787878787879
2011-08-10,0.0
2011-08-16,0.0026160889470241986
2011-08-18,0.0003772814705318431
2011-08-21,0.026030927835051544
2011-08-22,1.0
2011-08-22,0.0004143911233710408
2011-08-29,0.020098596890405766
2011-08-31,0.14860681114551083
2011-09-01,0.0
2011-09-02,0.00035254170197237796
2011-09-03,0.0
2011-09-04,0.0005319050240285
2011-09-04,0.05195297686765263
2011-09-08,0.0002814681378068005
2011-09-09,0.0
2011-09-12,0.10835913312693499
2011-09-14,0.2724458204334365
2011-09-18,0.0
2011-09-20,0.02547444007522653
2011-09-22,1.0
2011-09-23,0.013651877133105804
2011-09-27,0.0
2011-09-27,0.0823529411764706
2011-09-28,0.32794612794612793
2011-09-29,0.2111111111111111
2011-09-30,0.12154882154882153
2011-09-30,0.12727272727272726
2011-10-03,0.0020766849249821387
2011-10-06,0.0
2011-10-08,0.18249158249158248
2011-10-12,0.009156311314584694
2011-10-13,0.0823529411764706
2011-10-15,0.0
2011-10-17,1.0
2011-10-18,0.0026160889470241986
2011-10-18,0.0032701111837802484
2011-10-19,0.0021243153131698025
2011-10-20,0.12230603448275862
2011-10-21,0.0005257200818886339
2011-10-25,0.0
2011-10-27,0.006067500948047023
2011-10-28,0.009480470231323474
2011-10-31,0.0013908073350797812
2011-11-04,0.05425400739827372
2011-11-10,0.00047005560262983735
2011-11-11,0.0
2011-11-12,0.0
2011-11-12,0.0
2011-11-12,0.00022517451024544043
2011-11-12,0.00011258725512272022
2011-11-13,0.07053469852104664
2011-11-13,0.017064846416382253
2011-11-13,0.01820250284414107
2011-11-13,0.0
2011-11-13,0.016306408797876374
2011-11-13,0.0
2011-11-13,0.0565036025786879
2011-11-14,0.0005919161170302722
2011-11-14,0.0005919161170302722
2011-11-14,0.0005919161170302722
2011-11-14,0.0015220700152207003
2011-11-14,0.0005919161170302722
2011-11-20,0.02215743440233236
2011-11-24,0.0
2011-11-24,0.0
2011-11-25,0.01137656427758817
2011-11-27,0.1344019728729963
2011-11-29,0.10316481709823262
2011-12-01,0.001695641819480829
2011-12-03,0.04110152075626798
2011-12-05,0.0
2011-12-05,0.18266253869969037
2011-12-10,0.0
2011-12-11,0.0005919161170302722
2011-12-16,0.007521255722694571
2011-12-18,0.0
2011-12-21,0.0070043103448275855
2011-12-22,1.0
2011-12-24,0.001387598099958695
2011-12-27,0.03221649484536082
2011-12-28,0.012141041420557509
2011-12-29,0.000661788808965692
2011-12-31,0.0009030015524204772
2012-01-04,0.02085703450891164
2012-01-06,0.0
2012-01-08,0.001703841387856258
2012-01-09,0.0
2012-01-11,0.006067500948047023
2012-01-13,0.021236253318164578
2012-01-15,0.0011518984590641367
2012-01-18,0.06452938758734073
2012-01-19,0.0003045861978940041
2012-01-24,0.001606629460510739
2012-01-24,0.08508014796547471
2012-01-25,0.0
2012-01-26,0.09987669543773119
2012-01-27,0.006067500948047023
2012-01-28,0.11314432989690719
2012-01-29,0.015153547002816146
2012-01-30,0.001324124791617052
2012-02-01,0.007430758838099528
2012-02-02,0.0005221477678182926
2012-02-05,0.04034877756881518
2012-02-06,0.020477815699658706
2012-02-08,0.00663058422234211
2012-02-11,0.0024994023168372777
2012-02-17,0.0005566447925879652
2012-02-18,0.004401590251961999
2012-02-19,0.0004503490204908805
2012-02-21,0.0018716439487814953
2012-02-21,0.0007669328253434189
2012-02-23,0.15046728971962617
2012-02-26,0.0004267610076507734
2012-03-03,0.0015220700152207003
2012-03-04,1.0
2012-03-08,0.09001233045622688
2012-03-09,0.050436101630640884
2012-03-11,0.0
2012-03-15,0.009480470231323474
2012-03-16,0.006213211249182473
2012-03-21,0.04808877928483354
2012-03-21,0.010791366906474819
2012-03-24,0.0
2012-03-25,0.0034991632435721893
2012-03-26,0.004905166775670372
2012-03-28,0.010464355788096794
2012-03-31,0.04418103448275862
2012-04-06,0.0009957756845184712
2012-04-08,0.023511566173682216
2012-04-11,1.0
2012-04-11,0.2568614325332313
2012-04-16,0.0
2012-04-17,0.05064655172413793
2012-04-24,0.20123839009287925
2012-04-26,0.22910216718266252
2012-05-03,0.0012384598063499216
2012-05-07,0.000152293098947002
2012-05-14,0.0
2012-05-15,0.0
2012-05-16,0.35684489950701553
2012-05-17,0.09046391752577318
2012-05-21,0.24452519843167253
2012-05-21,0.1718466099263651
2012-05-26,0.021236253318164578
2012-05-27,0.0006184942139866281
2012-05-30,0.0
2012-06-01,0.0009301538981904278
2012-06-04,0.013052331146342737
2012-06-07,0.007274499225561686
2012-06-17,0.002467254108120981
2012-06-19,0.007824814231029048
2012-06-20,0.04205133978833596
2012-06-21,0.018101122617700808
2012-07-01,0.35219695674474266
2012-07-05,1.0
2012-07-07,0.015389819042787078
2012-07-15,0.06024646280237335
2012-07-21,0.05548705302096176
2012-07-23,0.06329634196465268
2012-07-27,0.0028784593143329207
2012-07-28,0.0
2012-07-28,0.0
2012-08-01,0.02882062950322336
2012-08-02,0.13828057760351917
2012-08-02,0.18714736540116667
2012-08-09,0.003246334159438249
2012-08-11,0.0004286734936889736
2012-08-13,0.0022168611853687157
2012-08-14,0.0
2012-08-16,0.001298837849371919
2012-08-17,0.14201030927835048
2012-08-21,0.0003896513548115757
2012-08-22,0.010470614726412971
2012-08-23,0.0
2012-08-24,0.20123839009287925
2012-08-25,0.0
2012-08-26,0.0011256594694556631
2012-08-27,0.0
2012-08-30,0.0004286734936889736
2012-08-31,0.02957906712172924
2012-09-01,0.0490301724137931
2012-09-02,0.0
2012-09-03,0.19504643962848298
2012-09-05,0.07849829351535836
2012-09-06,0.1728029071435402
2012-09-07,0.002325530851318163
2012-09-08,0.15931911638137133
2012-09-12,0.0027167416487361715
2012-09-12,0.0006927135196650234
2012-09-14,0.010464355788096794
2012-09-16,0.0027602095151159503
2012-09-17,0.17471550157789043
2012-09-19,0.0034284123144393587
2012-09-21,0.003407682775712515
2012-09-21,0.0038207352333746386
2012-09-22,0.0015524204771064365
2012-09-25,0.001581328887830436
2012-10-02,0.28771551724137934
2012-10-09,0.014410314751611681
2012-10-12,0.0
2012-10-15,0.0018603077963808559
2012-10-19,0.0009710359159590059
2012-10-21,0.000773117767483285
2012-10-22,0.055727554179566555
2012-10-23,0.0020647236530394906
2012-10-24,0.01311953352769679
2012-10-26,0.0020385806144320078
2012-10-28,0.0
2012-11-04,0.002000722841800909
2012-11-06,0.0
2012-11-08,0.0012778810408921935
2012-11-10,0.09471153846153846
2012-11-11,0.14547413793103448
2012-11-16,0.0007811383662776851
2012-11-17,0.0019448672416708945
2012-11-19,0.02464922260144103
2012-11-21,0.0
2012-11-23,0.04702313234736443
2012-11-24,0.0026298059159766143
2012-11-25,0.0
2012-11-27,0.002019528459156942
2012-12-05,0.0014534614028685758
2012-12-05,0.006213211249182473
2012-12-09,0.0011838322340605447
2012-12-11,0.0
2012-12-15,0.0017877426683188767
2012-12-18,0.002181471778994999
2012-12-22,0.02692453545695866
2012-12-26,0.04247250663632916
2012-12-29,0.0008225973046022154
2012-12-30,0.0
2012-12-31,0.0017070440306030932
2013-01-04,0.12782572955199342
2013-01-05,0.0
2013-01-12,0.0511844331641286
2013-01-15,0.04795258620689655
2013-01-15,1.0
2013-01-16,0.12861271676300579
2013-01-17,0.08064957078025042
2013-01-17,0.12023620755645469
2013-01-17,0.07343211766635682
2013-01-17,0.06976871343430477
2013-01-17,0.1088085734594565
2013-01-17,0.08327409918530264
2013-01-21,0.054986727341676145
2013-01-25,0.052538071065989844
2013-01-26,0.21965317919075145
2013-01-26,0.26589595375722547
2013-01-29,0.1520756267981915
2013-01-30,0.0
2013-01-31,0.08714043993231811
2013-02-03,0.10480887792848334
2013-02-04,0.0022142092860721286
2013-02-05,0.24407327586206895
2013-02-06,0.12836538461538463
2013-02-08,0.08098591549295774
2013-02-10,0.0
2013-02-12,0.5002632964718272
2013-02-16,0.311216429699842
2013-02-18,0.5214829364105084
2013-02-21,0.01624209266541289
2013-02-22,0.27163868992290446
2013-02-24,0.18278346605991658
2013-02-26,0.6231232667112938
2013-02-27,0.1589678510998308
2013-02-27,1.0
2013-02-27,0.13274111675126904
2013-02-27,0.14213197969543145
2013-02-28,0.9782766111513396
2013-03-02,0.01820250284414107
2013-03-04,0.0
2013-03-04,0.0
2013-03-09,0.15462427745664742
2013-03-09,0.05202312138728324
2013-03-09,0.2326589595375723
2013-03-09,0.10838150289017341
2013-03-09,0.5043352601156069
2013-03-09,0.4523121387283237
2013-03-10,1.0
2013-03-15,0.2913580246913581
2013-03-17,0.2720987654320988
2013-03-21,0.4024691358024691
2013-03-21,0.3846913580246914
2013-03-26,0.07489224137931035
2013-03-29,0.0995680463666685
2013-03-31,0.10213789709661544
2013-04-05,0.018779342723004695
2013-04-05,0.038461538461538464
2013-04-10,0.04433164128595601
2013-04-11,0.20809248554913296
2013-04-16,0.0
2013-04-18,0.0
2013-04-19,0.19010005265929436
2013-04-21,0.08037225042301185
2013-04-26,0.0416243654822335
2013-04-27,0.017018779342723007
2013-04-30,0.28468208092485553
2013-05-01,0.04049295774647887
2013-05-03,0.0
2013-05-04,0.11263601071682432
2013-05-08,0.09885723659030017
2013-05-11,0.0025408537964880526
2013-05-13,0.03461538461538461
2013-05-19,0.21469949312092684
2013-05-22,0.08371152058614467
2013-05-23,0.23696682464454974
2013-05-26,0.1484431571325127
2013-05-29,0.13006845708267512
2013-05-31,0.2983345401882693
2013-06-03,0.10982658959537572
2013-06-04,0.30738595220854453
2013-06-05,0.0267018779342723
2013-06-09,0.0
2013-06-12,0.06845708267509215
2013-06-17,0.10096153846153845
2013-06-22,0.22302679217958002
2013-06-24,0.02870813397129187
2013-06-26,0.09725542698670747
2013-06-30,0.07225433526011561
2013-07-02,0.0
2013-07-04,0.0737230121116377
2013-07-06,0.3917451122375091
2013-07-13,0.0
2013-07-17,0.09464705560719558
2013-07-19,0.0
2013-07-28,0.0
2013-07-30,0.13663951008803105
2013-07-30,0.0
2013-08-03,0.054349609054622994
2013-08-04,0.0849191928851487
2013-08-05,0.0
2013-08-05,0.1306301998661184
2013-08-07,0.36788753944726016
2013-08-08,0.10108061585540787
2013-08-13,0.0
2013-08-15,0.0
2013-08-19,0.24381253291205895
2013-08-23,0.38620181684262217
2013-08-24,0.12740384615384615
2013-08-24,0.17740384615384613
2013-08-24,0.038461538461538464
2013-08-24,0.34086538461538457
2013-08-26,0.1584051724137931
2013-08-26,0.02403846153846154
2013-08-26,0.0
2013-08-26,0.10937499999999999
2013-08-29,0.22469135802469137
2013-08-31,0.03286637931034483
2013-09-01,0.0
2013-09-03,0.09792771611351084
2013-09-07,0.03785211267605634
2013-09-08,0.0
2013-09-10,0.03697183098591549
2013-09-11,0.0
2013-09-24,0.20063191153238547
2013-09-25,0.09004739336492891
2013-09-27,0.06358381502890173
2013-09-28,0.0
2013-10-06,0.09502979933293236
2013-10-09,0.03949447077409163
2013-10-14,0.0
2013-10-16,0.07062285434036292
2013-10-19,0.0
2013-10-22,0.0
2013-10-22,0.0
2013-10-23,0.11560693641618498
2013-10-24,0.03502155172413793
2013-10-26,0.08136038055661872
2013-10-27,0.06490384615384616
2013-10-28,0.2148799846992445
2013-10-30,0.03715736040609137
2013-10-31,0.03125
2013-11-01,0.0013862469708419104
2013-11-04,0.06961843741034712
2013-11-05,0.15148539160324087
2013-11-06,0.2390123456790124
2013-11-08,0.0
2013-11-10,0.0
2013-11-11,0.2605915267785771
2013-11-13,0.1332280147446024
2013-11-15,0.0375
2013-11-17,0.0
2013-11-20,0.012633624878522837
2013-11-26,0.03930381562589653
2013-11-30,0.00673076923076923
2013-12-01,0.028901734104046246
2013-12-02,0.0
2013-12-03,0.08004811635409262
2013-12-05,0.0
2013-12-06,0.040865384615384616
2013-12-10,0.10000546776751053
2013-12-13,0.2538271604938272
2013-12-13,0.23160493827160497
2013-12-14,0.0
2013-12-20,0.05721153846153846
2013-12-21,0.09759686120647375
2013-12-26,0.20231213872832374
2013-12-27,0.005387931034482758
2013-12-27,0.0
2013-12-29,0.11941604242987588
2014-01-02,0.11057692307692307
2014-01-04,0.37533227006911213
2014-01-06,0.013204225352112676
2014-01-15,0.0
2014-01-20,0.052659294365455495
2014-01-20,0.07003686150605583
2014-01-21,0.06825435796710043
2014-02-02,0.028901734104046246
2014-02-03,0.0
2014-02-04,0.012910798122065727
2014-02-05,0.34780529788658315
2014-02-06,0.015625
2014-02-08,0.009683098591549297
2014-02-09,0.00093806185996821
2014-02-14,0.04278846153846153
2014-02-15,0.31308641975308643
2014-02-28,0.036292300147130946
2014-03-04,0.10115369894472087
2014-03-05,0.0
2014-03-07,0.07370558375634517
2014-03-09,0.11560693641618498
2014-03-10,0.0
2014-03-11,0.3053557154276578
2014-03-15,0.07951553449183782
2014-03-18,0.062285434036292296
2014-03-20,0.084641041062934
2014-03-24,0.09438653533518217
2014-03-26,0.07692307692307693
2014-03-27,0.3066666666666667
2014-03-28,0.06539074960127592
2014-03-29,0.0
2014-04-01,0.20999275887038377
2014-04-04,0.0
2014-04-06,0.0
2014-04-08,0.0
2014-04-11,0.07259615384615384
2014-04-13,0.08899420747761981
2014-04-15,0.02107516402429474
2014-04-17,0.0025100306147673463
2014-04-21,0.0
2014-04-23,0.07884615384615384
2014-04-26,0.04519230769230769
2014-04-27,0.0
2014-04-28,0.0
2014-05-03,0.0
2014-05-04,0.038441284886782515
2014-05-06,0.0
2014-05-10,0.17595944967414917
2014-05-10,1.0
2014-05-14,0.03667840375586855
2014-05-16,0.0
2014-05-17,0.0
2014-05-18,0.29530864197530865
2014-05-19,0.031396713615023476
2014-05-19,0.032570422535211266
2014-05-22,0.004829907395082622
2014-05-25,0.12023620755645469
2014-05-26,0.2167925791335947
2014-05-27,0.3155555555555556
2014-05-29,0.006332122687253988
2014-05-30,0.0
2014-05-31,0.05721153846153846
2014-06-02,0.0
2014-06-06,0.058653846153846154
2014-06-07,0.040865384615384616
2014-06-08,0.06485911749069644
2014-06-11,0.0
2014-06-14,0.0815123987232998
2014-06-18,0.1556842867487328
2014-06-20,0.020539906103286387
2014-06-21,0.024354460093896715
2014-06-23,0.0407561993616499
2014-06-25,0.1521939079153817
2014-06-28,0.146875
2014-06-29,0.08899420747761981
2014-07-01,0.0026241229154385895
2014-07-02,0.06538461538461539
2014-07-04,0.091324200913242
2014-07-05,0.04687499999999999
2014-07-06,0.0
2014-07-14,0.0
2014-07-17,0.003794642857142857
2014-07-18,0.0
2014-07-20,0.006839421520683594
2014-07-21,0.0
2014-07-26,0.2419753086419753
2014-07-27,0.04003887269193391
2014-07-27,0.4908073541167067
2014-08-01,0.0447198275862069
2014-08-02,0.14564735162040796
2014-08-03,0.39536567704561915
2014-08-05,0.005012095160195611
2014-08-06,0.0
2014-08-08,0.012499999999999999
2014-08-10,0.10334080594893105
2014-08-11,0.13577215811441198
2014-08-13,0.05432692307692308
2014-08-14,0.0017303998935138526
2014-08-15,0.0
2014-08-16,0.0
2014-08-19,0.004211552183219924
2014-08-22,0.039612676056338024
2014-08-22,0.0
2014-08-23,0.06220095693779904
2014-08-24,0.007142857142857143
2014-08-25,0.0
2014-08-26,0.03374413145539906
2014-08-27,0.055288461538461536
2014-08-28,0.000323261518568522
2014-08-29,0.0
2014-08-31,0.0022624040653660745
2014-09-02,0.3874734607218684
2014-09-04,0.09513915468314288
2014-09-06,0.06740389678778304
2014-09-08,0.10913461538461539
2014-09-08,0.05913461538461538
2014-09-12,0.0
2014-09-15,0.04855769230769231
2014-09-18,0.2720987654320988
2014-09-21,0.03491784037558686
2014-09-22,0.6496815286624205
2014-09-25,0.18577494692144375
2014-09-26,0.11260775862068964
2014-09-27,0.1492063492063492
2014-09-27,0.2142857142857143
2014-09-29,0.04038461538461539
2014-09-30,0.00669642857142857
2014-10-02,0.03508771929824562
2014-10-04,0.003879138222822263
2014-10-05,0.40622737146994936
2014-10-09,0.12115384615384615
2014-10-10,0.057925223802001054
2014-10-16,0.05192307692307692
2014-10-17,0.39065817409766457
2014-10-19,0.2299058653149891
2014-10-21,0.004145353591055164
2014-10-22,0.10250122609122117
2014-10-22,1.0
2014-10-25,0.2404055032585083
2014-10-27,0.0053734318462505155
2014-10-28,0.04870892018779342
2014-10-30,0.11995753715498941
2014-10-31,0.09951336869156323
2014-11-01,0.13433966347454418
2014-11-02,0.28543209876543213
2014-11-03,0.02312925170068027
2014-11-05,0.07109004739336493
2014-11-08,0.015387245683022738
2014-11-09,0.23064437591300113
2014-11-19,0.12208067940552017
2014-11-19,0.003784061305596227
2014-11-21,0.3450398262128892
2014-11-23,0.0
2014-11-24,0.0032326151856852193
2014-11-25,0.0
2014-11-25,0.22013034033309195
2014-11-26,0.07003686150605583
2014-11-27,0.0034284123144393587
2014-11-29,0.11677282377919322
2014-12-01,0.09716222866203729
2014-12-05,0.10060692219366832
2014-12-13,0.058653846153846154
2014-12-18,0.0431806213796735
2014-12-20,0.3153511947863867
2014-12-23,0.25390862944162435
2014-12-28,0.040409482758620684
2014-12-31,0.09049155229919623
2014-12-31,0.09098365137514353
2015-01-03,0.29876543209876544
2015-01-04,0.0
2015-01-06,0.07307692307692307
2015-01-06,0.06874999999999999
2015-01-08,0.03931924882629108
2015-01-08,0.0
2015-01-11,0.002414953697541311
2015-01-13,0.0
2015-01-16,0.08710153644267045
2015-01-18,0.0
2015-01-19,0.002548061381657761
2015-01-21,0.09809174913882661
2015-01-24,0.0
2015-01-25,0.002735510343648487
2015-01-27,0.05336538461538461
2015-01-28,0.02264144376185587
2015-01-30,0.04665492957746479
2015-02-02,0.08028846153846154
2015-02-03,0.0
2015-02-04,0.0
2015-02-05,0.0960686751599322
2015-02-11,0.11691810344827586
2015-02-13,0.13739224137931033
2015-02-15,0.055288461538461536
2015-02-16,0.0
2015-02-20,0.0619131455399061
2015-02-23,0.12472379081757917
2015-02-24,0.050480769230769225
2015-02-26,0.0
2015-02-27,0.26419753086419756
2015-02-28,0.5845665961945031
2015-03-02,0.09794628751974724
2015-03-03,0.0
2015-03-04,0.06950431034482758
2015-03-08,0.0011219076232672233
2015-03-10,0.04903846153846153
2015-03-14,0.004910714285714285
2015-03-15,0.0025290459982125536
2015-03-16,0.09766497461928934
2015-03-19,0.27936507936507937
2015-03-20,0.029064797401265174
2015-03-20,0.007351684048555308
2015-03-20,0.026329287057616686
2015-03-22,0.6392694063926941
2015-03-22,0.4566210045662101
2015-03-27,0.05336538461538461
2015-03-27,0.05384615384615384
2015-03-27,0.05721153846153846
2015-03-29,0.017431868401669534
2015-03-29,0.018168426221458388
2015-03-29,0.11834028971274248
2015-03-30,0.11150234741784038
2015-03-30,0.048122065727699524
2015-03-30,0.03169014084507042
2015-04-01,0.005031650706054212
2015-04-01,0.14564735162040796
2015-04-01,0.007141697776335011
2015-04-04,0.022321428571428572
2015-04-04,0.0040178571428571425
2015-04-04,0.010714285714285713
2015-04-06,0.003878404437414686
2015-04-06,0.002253374645201829
2015-04-06,0.007236799341321257
2015-04-08,0.04278846153846153
2015-04-08,0.061538461538461535
2015-04-08,0.10721153846153846
2015-04-10,0.0
2015-04-10,0.4084732214228616
2015-04-10,0.01998401278976819
2015-04-12,0.004060913705583756
2015-04-12,0.012385786802030455
2015-04-12,0.19898477157360409
2015-04-13,0.07399577167019027
2015-04-13,0.0
2015-04-13,0.05285412262156449
2015-04-17,0.0
2015-04-17,0.07293868921775898
2015-04-17,0.07293868921775898
2015-04-18,0.0217391304347826
2015-04-18,0.01755852842809364
2015-04-18,0.0
2015-04-19,0.022328548644338125
2015-04-19,0.06432748538011696
2015-04-19,0.03987240829346092
2015-04-23,0.3375796178343949
2015-04-23,0.08811040339702761
2015-04-23,0.1029723991507431
2015-04-26,0.10569194597845699
2015-04-27,0.058653846153846154
2015-04-27,0.07932692307692307
2015-04-27,0.0625
2015-04-28,0.0
2015-04-28,0.0
2015-04-28,0.27941176470588236
2015-04-30,0.0016033627283166861
2015-04-30,0.002448378220267372
2015-04-30,0.005460100101835201
2015-05-02,0.003408537575068982
2015-05-02,0.2192825839961045
2015-05-02,0.007790943028729103
2015-05-04,0.0028142767498906614
2015-05-04,0.0036889843883701912
2015-05-04,0.001312061457719295
2015-05-06,0.02764486975013291
2015-05-06,0.03508771929824562
2015-05-06,0.05635300372142478
2015-05-08,0.002665048859229086
2015-05-08,0.005850107251966286
2015-05-08,0.003401729031698915
2015-05-10,0.04807692307692308
2015-05-10,0.05336538461538461
2015-05-10,0.06730769230769232
2015-05-17,0.0038954715143645507
2015-05-17,0.007953254341827627
2015-05-17,0.16512470919223068
2015-05-18,0.007326708550147057
2015-05-18,0.002140582308000209
2015-05-18,0.0012356206818537792
2015-05-21,0.01230979654641819
2015-05-21,0.013677551718242434
2015-05-21,0.014532398700632587
2015-05-22,0.06342494714587738
2015-05-22,0.09196617336152221
2015-05-22,0.0
2015-05-24,0.055288461538461536
2015-05-24,0.056730769230769224
2015-05-29,0.01481786375797489
2015-05-29,0.013994649104754066
2015-05-29,0.03827948137476847
2015-06-04,0.09408033826638479
2015-06-04,0.0
2015-06-04,0.09513742071881609
2015-06-06,0.0
2015-06-06,0.04122621564482029
2015-06-06,0.04439746300211416
2015-06-07,0.004706734250543086
2015-06-07,0.22121650977552498
2015-06-07,0.003982621288921072
2015-06-09,0.015797788309636653
2015-06-09,0.034228541337546076
2015-06-09,0.015797788309636653
2015-06-09,0.03370194839389152
2015-06-09,0.03317535545023697
2015-06-09,0.04476040021063717
2015-06-13,0.003055056009360172
2015-06-13,0.0033150607761142288
2015-06-13,0.06346283015188613
2015-06-17,0.007304009089433534
2015-06-17,0.0038954715143645507
2015-06-17,0.24032895092787962
2015-06-19,0.001312061457719295
2015-06-19,0.0016923691266234385
2015-06-19,0.0
2015-06-19,0.00376504592215102
2015-06-19,0.0027382152161098327
2015-06-19,0.0013500922246097095
2015-06-21,0.013749079302725266
2015-06-21,0.010802848023569853
2015-06-21,0.14264669776577463
2015-06-22,0.3942470389170897
2015-06-22,0.008460236886632826
2015-06-22,0.021996615905245348
2015-06-24,0.17163461538461536
2015-06-24,0.04807692307692308
2015-06-24,0.05961538461538461
2015-06-28,0.056263269639065826
2015-06-28,0.04883227176220807
2015-06-28,0.04033970276008494
2015-06-29,0.1743186840166953
2015-06-29,0.009820770930518048
2015-06-29,0.018168426221458388
2015-07-03,0.09628738586035322
2015-07-10,0.0007415999543630799
2015-07-10,0.002262830629979654
2015-07-10,0.0030804921181235615
2015-07-12,0.07530279094260138
2015-07-12,0.02527646129541864
2015-07-12,0.0
2015-07-13,0.0
2015-07-13,0.02870813397129187
2015-07-13,0.06645401382243488
2015-07-14,0.0
2015-07-14,0.0030044305843427333
2015-07-14,0.0008556922550343228
2015-07-16,0.0625
2015-07-16,0.047596153846153844
2015-07-16,0.11105769230769232
2015-07-21,0.008970164453014972
2015-07-21,0.0007366801724698286
2015-07-21,0.0016033627283166861
2015-07-22,0.04807692307692308
2015-07-22,0.047115384615384615
2015-07-22,0.0846153846153846
2015-07-26,0.0
2015-07-26,0.015050167224080261
2015-07-26,0.0217391304347826
2015-07-28,0.09423076923076923
2015-07-28,0.052884615384615384
2015-07-28,0.06346153846153846
2015-07-30,0.14134615384615384
2015-07-30,0.04134615384615384
2015-07-30,0.038461538461538464
2015-07-31,0.0
2015-07-31,0.07293868921775898
2015-07-31,0.08879492600422834
2015-08-01,0.0
2015-08-02,0.002279807173561198
2015-08-02,0.0007135274360000696
2015-08-02,0.011190198569464507
2015-08-02,0.0017055046031221176
2015-08-02,0.0008701554097561824
2015-08-02,0.007657367605854406
2015-08-03,0.07855626326963908
2015-08-03,0.3853503184713376
2015-08-03,0.07749469214437368
2015-08-04,0.014214046822742474
2015-08-04,0.022575250836120393
2015-08-04,0.0
2015-08-05,0.0018795356850733538
2015-08-05,0.0007135274360000696
2015-08-05,0.004490001914341902
2015-08-06,0.040865384615384616
2015-08-06,0.038461538461538464
2015-08-06,0.09999999999999999
2015-08-07,0.05192307692307692
2015-08-07,0.052884615384615384
2015-08-07,0.07211538461538461
2015-08-09,0.1470282683580294
2015-08-11,0.11110503581387719
2015-08-13,0.0011219076232672233
2015-08-13,0.004924984312308658
2015-08-13,0.002262830629979654
2015-08-15,0.05721153846153846
2015-08-15,0.06298076923076923
2015-08-15,0.15048076923076922
2015-08-17,0.36189540878959003
2015-08-17,0.01694082985514363
2015-08-17,0.013258040756199362
2015-08-18,0.027478448275862065
2015-08-18,0.0028674998647405725
2015-08-18,0.03879310344827586
2015-08-18,0.14786560623275444
2015-08-18,0.06950431034482758
2015-08-18,0.2667025862068965
2015-08-18,0.022629310344827586
2015-08-18,0.06788793103448276
2015-08-18,0.00930584861764865
2015-08-18,0.0
2015-08-18,0.027478448275862065
2015-08-18,0.0
2015-08-18,0.3485991379310345
2015-08-18,0.07165948275862068
2015-08-18,0.22144396551724135
2015-08-18,0.8205818965517241
2015-08-18,0.06950431034482758
2015-08-18,0.07866379310344827
2015-08-18,0.14762931034482757
2015-08-18,0.3599137931034483
2015-08-18,0.022629310344827586
2015-08-18,0.07112068965517242
2015-08-18,0.0754310344827586
2015-08-18,0.3001077586206896
2015-08-19,0.0
2015-08-19,0.05657327586206897
2015-08-19,0.14655172413793105
2015-08-22,0.03340517241379311
2015-08-22,0.06896551724137931
2015-08-22,0.2667025862068965
2015-08-25,0.009750178753277142
2015-08-25,0.002253374645201829
2015-08-25,0.002361709964682686
2015-08-26,0.0
2015-08-26,0.02008456659619451
2015-08-26,0.0
2015-08-26,0.04122621564482029
2015-08-31,0.04567307692307692
2015-08-31,0.04807692307692308
2015-08-31,0.13076923076923078
2015-09-03,0.15789473684210525
2015-09-03,0.0
2015-09-03,0.026581605528973953
2015-09-06,0.0020187605506343433
2015-09-06,0.01011120586136684
2015-09-06,0.0008701554097561824
2015-09-08,0.0086451584945724
2015-09-08,0.0016033627283166861
2015-09-08,0.0025350464758520574
2015-09-13,0.002080038134032457
2015-09-13,0.012783567698741144
2015-09-13,0.0016033627283166861
2015-09-15,0.0014618610883903864
2015-09-15,0.0005394963540488332
2015-09-15,0.008840778963122815
2015-09-16,0.023255813953488375
2015-09-16,0.0697674418604651
2015-09-17,0.001312061457719295
2015-09-17,0.0034417844035824984
2015-09-17,0.002414953697541311
2015-09-20,0.0007135274360000696
2015-09-20,0.006665390438732358
2015-09-20,0.0018621325768782301
2015-09-21,0.09090909090909091
2015-09-21,0.42712842712842713
2015-09-21,0.0937950937950938
2015-09-25,0.091324200913242
2015-09-25,0.36986301369863017
2015-09-25,0.2694063926940639
2015-09-28,0.035953177257525074
2015-09-28,0.0
2015-09-28,0.0
2015-09-29,0.0011700214503932575
2015-09-29,0.0014733603449396573
2015-09-29,0.007540138235867657
2015-10-01,0.013303577232249258
2015-10-01,0.0028383853703984577
2015-10-01,0.0018200333672784002
2015-10-02,0.04122621564482029
2015-10-02,0.0
2015-10-02,0.07293868921775898
2015-10-03,0.018950437317784254
2015-10-03,0.0
2015-10-03,0.0
2015-10-03,0.010495626822157433
2015-10-03,0.006802721088435374
2015-10-05,0.0
2015-10-06,0.09408033826638479
2015-10-06,0.05285412262156449
2015-10-06,0.0
2015-10-09,0.0
2015-10-09,0.06379913562461412
2015-10-09,0.017081704054332167
2015-10-12,0.10000000000000002
2015-10-12,0.10533333333333332
2015-10-12,0.21733333333333335
2015-10-13,0.0
2015-10-13,0.0
2015-10-13,0.011705685618729094
2015-10-14,0.0
2015-10-15,0.01481786375797489
2015-10-15,0.054126363449269396
2015-10-15,0.007203128215682238
2015-10-17,0.26695526695526695
2015-10-17,0.09090909090909091
2015-10-19,0.0018200333672784002
2015-10-19,0.0024267111563712005
2015-10-19,0.0
2015-10-26,0.16288479413855322
2015-10-29,0.07388351512656925
2015-10-29,0.015435274747890512
2015-10-29,0.019139740687384235
2015-11-01,0.006839421520683594
2015-11-01,0.0003480621639024729
2015-11-01,0.0005568994622439567
2015-11-02,0.0
2015-11-02,0.020733652312599684
2015-11-02,0.17490696438064857
2015-11-04,0.0005836829350913307
2015-11-04,0.0004950882038721109
2015-11-04,0.0
2015-11-06,0.2091245947197777
2015-11-06,0.2563686892079667
2015-11-06,0.2037980546549329
2015-11-07,0.2424242424242424
2015-11-07,0.09523809523809525
2015-11-07,0.0764790764790765
2015-11-09,0.0
2015-11-15,0.0013650250254588002
2015-11-15,0.0019717028145516003
2015-11-15,0.009143500964184344
2015-11-19,0.22070402964335345
2015-11-19,0.20819823992589165
2015-11-19,0.21097730430754982
2015-11-21,0.008102136017677387
2015-11-21,0.11834028971274248
2015-11-21,0.010557328750306901
2015-11-22,0.11777571217671823
2015-11-24,0.0016033627283166861
2015-11-24,0.0017766992394860574
2015-11-24,0.008471821983403028
2015-11-30,0.0013650250254588002
2015-11-30,0.009403505730938401
2015-11-30,0.0013650250254588002
2015-12-01,0.21769337656322374
2015-12-01,0.2200092635479389
2015-12-01,0.21769337656322374
2015-12-02,0.0028817194981908003
2015-12-02,0.002015036942343943
2015-12-02,0.0097068446254848
2015-12-03,0.2186197313571098
2015-12-03,0.27674849467345997
2015-12-03,0.18758684576192686
2015-12-07,0.0013650250254588002
2015-12-07,0.0
2015-12-07,0.0021233722618248002
2015-12-16,0.02398081534772182
2015-12-16,0.051159072741806554
2015-12-17,0.06342494714587738
2015-12-17,0.05496828752642705
2015-12-17,0.0
2015-12-18,0.015948963317384372
2015-12-18,0.0
2015-12-18,0.0
2015-12-19,0.03397027600849257
2015-12-19,0.19957537154989385
2015-12-19,0.049893842887473464
2015-12-20,0.01296563078822803
2015-12-20,0.014406256431364476
2015-12-20,0.04321876929409344
2015-12-22,0.017081704054332167
2015-12-22,0.05247993414282774
2015-12-22,0.019139740687384235
2015-12-26,0.0005394963540488332
2015-12-26,0.0008527523015610587
2015-12-26,0.0
2015-12-27,0.0016033627283166861
2015-12-27,0.0018200333672784002
2015-12-27,0.0
2015-12-28,0.023696682464454975
2015-12-28,0.0
2015-12-28,0.0763559768299105
2015-12-29,0.0016033627283166861
2015-12-29,0.0
2015-12-29,0.001906701622863086
2015-12-30,0.0
2015-12-30,0.001906701622863086
2015-12-30,0.002080038134032457
2015-12-30,0.0
2015-12-30,0.0013650250254588002
2015-12-30,0.0016033627283166861
2016-01-04,0.018957345971563982
2016-01-04,0.0
2016-01-04,0.0
2016-01-07,0.005892462558310828
2016-01-07,0.01448563712251412
2016-01-07,0.0012878300064391502
2016-01-07,0.0010615895999025427
2016-01-07,0.0
2016-01-07,0.0
2016-01-09,0.10427807486631015
2016-01-09,0.0013866920893549715
2016-01-09,0.0
2016-01-09,0.0013650250254588002
2016-01-09,0.06684491978609625
2016-01-09,0.16844919786096257
2016-01-12,0.0011219076232672233
2016-01-12,0.0010458460894863947
2016-01-12,0.004164368974500371
2016-01-14,0.04610002058036632
2016-01-14,0.01296563078822803
2016-01-14,0.011319201481786374
2016-01-16,0.2075034738304771
2016-01-16,0.206113941639648
2016-01-16,0.25034738304770726
2016-01-18,0.05116279069767442
2016-01-18,0.05488372093023255
2016-01-21,0.01296563078822803
2016-01-21,0.010907594155175964
2016-01-21,0.03704465939493723
2016-01-22,0.0003480621639024729
2016-01-22,0.0007831398687805643
2016-01-22,0.0
2016-01-24,0.04122621564482029
2016-01-24,0.0
2016-01-24,0.045454545454545456
2016-01-25,0.22799422799422797
2016-01-25,0.0764790764790765
2016-01-25,0.08802308802308803
2016-01-27,0.015846882074500926
2016-01-27,0.07450092611648487
2016-01-27,0.017081704054332167
2016-01-28,0.022575250836120393
2016-01-28,0.0
2016-01-28,0.0
2016-02-05,0.02490224325993003
2016-02-05,0.017081704054332167
2016-02-05,0.019139740687384235
2016-02-06,0.008746355685131196
2016-02-06,0.011661807580174927
2016-02-08,0.029489204844655077
2016-02-08,0.020537124802527642
2016-02-08,0.0
2016-02-12,0.0
2016-02-12,0.0007087578497537587
2016-02-12,0.0005993172994241342
2016-02-13,0.003408537575068982
2016-02-13,0.003029811177839095
2016-02-14,0.8088235294117645
2016-02-14,0.41176470588235287
2016-02-14,0.0
2016-02-15,0.0005419912968705214
2016-02-15,0.0007921411261953775
2016-02-15,0.0007556609427521693
2016-02-17,0.0004950882038721109
2016-02-17,0.0006462203924225447
2016-02-17,0.0
2016-02-20,0.01481786375797489
2016-02-20,0.03395760444535912
2016-02-20,0.017081704054332167
2016-02-21,0.039308499691294504
2016-02-21,0.01296563078822803
2016-02-21,0.011113397818481167
2016-02-22,0.013994649104754066
2016-02-22,0.010907594155175964
2016-02-22,0.010907594155175964
2016-02-26,0.048625792811839326
2016-02-26,0.0
2016-02-26,0.04122621564482029
2016-02-27,0.07333333333333333
2016-02-27,0.014666666666666661
2016-02-27,0.3333333333333333
2016-02-28,0.0008701554097561824
2016-02-28,0.0
2016-02-28,0.001200814465463532
2016-03-01,0.025083612040133773
2016-03-01,0.0
2016-03-01,0.0
2016-03-03,0.20565076424270498
2016-03-03,0.23691523853635948
2016-03-03,0.2037980546549329
2016-03-07,0.011705685618729094
2016-03-07,0.0
2016-03-07,0.0
2016-03-08,0.3242009132420091
2016-03-08,0.31050228310502287
2016-03-08,0.365296803652968
2016-03-11,0.09090909090909091
2016-03-11,0.5613275613275613
2016-03-11,0.13852813852813853
2016-03-12,0.3798165137614679
2016-03-12,0.0018348623853211025
2016-03-12,0.014311926605504585
2016-03-14,0.022860180754917594
2016-03-14,0.0
2016-03-14,0.011695906432748539
2016-03-15,0.206113941639648
2016-03-15,0.21028253821213527
2016-03-15,0.2327466419638722
2016-03-18,0.41176470588235287
2016-03-18,0.20588235294117643
2016-03-18,0.0
2016-03-20,0.05107951553449184
2016-03-20,0.03054239073196419
2016-03-20,0.0
2016-03-21,0.03766207038485285
2016-03-21,0.01378884544144886
2016-03-21,0.017081704054332167
2016-03-22,0.0044686151096236856
2016-03-22,0.0011219076232672233
2016-03-22,0.0010078153225959803
2016-03-31,0.0
2016-03-31,0.0034626413461018232
2016-03-31,0.0
2016-03-31,0.003408537575068982
2016-04-03,0.0015600286005243431
2016-04-03,0.0
2016-04-03,0.0013650250254588002
2016-04-14,0.02078616999382589
2016-04-14,0.035398230088495575
2016-04-14,0.017081704054332167
2016-04-17,0.11111111111111112
2016-04-17,0.09090909090909091
2016-04-17,0.2582972582972583
2016-04-21,0.016052685737806133
2016-04-21,0.01296563078822803
2016-04-21,0.013171434451533237
2016-04-22,0.0014831999087261596
2016-04-22,0.004183384357945578
2016-04-22,0.0016733537431782314
2016-04-23,0.15714285714285714
2016-04-23,0.2634920634920635
2016-04-23,0.1603174603174603
2016-04-26,0.02398081534772182
2016-04-26,0.042366107114308556
2016-04-26,0.0
2016-04-28,0.21074571560907832
2016-04-28,0.2077350625289486
2016-04-28,0.21491431218156556
2016-04-29,0.21676702176933768
2016-04-29,0.20889300602130617
2016-04-29,0.206113941639648
2016-04-30,0.0019477357571822753
2016-04-30,0.0022723583833793213
2016-05-01,0.0
2016-05-01,0.05526590198123046
2016-05-01,0.07194994786235662
2016-05-06,0.011585807385952206
2016-05-06,0.01955104996379435
2016-05-10,0.011844331641285955
2016-05-10,0.002368866328257191
2016-05-10,0.0
2016-05-10,0.0027072758037225042
2016-05-10,0.0
2016-05-10,0.0
2016-05-16,0.0
2016-05-16,0.0005394963540488332
2016-05-16,0.000696124327804946
2016-05-17,0.0028674998647405725
2016-05-17,0.002975707406806254
2016-05-19,0.005852842809364547
2016-05-19,0.005852842809364547
2016-05-19,0.0
2016-05-26,0.07534883720930231
2016-05-26,0.07906976744186046
2016-05-26,0.0
2016-05-28,0.0021883734535133145
2016-05-28,0.0018200333672784002
2016-05-28,0.0
2016-05-31,0.03436921177196954
2016-05-31,0.016464293064416546
2016-05-31,0.0333401934554435
2016-06-03,0.21584066697545162
2016-06-03,0.26563223714682727
2016-06-03,0.21769337656322374
2016-06-04,0.16106064326049596
2016-06-04,0.010802848023569853
2016-06-04,0.012275963663147557
2016-06-07,0.0005419912968705214
2016-06-07,0.0005524142064257237
2016-06-07,0.0
2016-06-11,0.003806705641637995
2016-06-12,0.26484018264840187
2016-06-12,0.2647058823529412
2016-06-12,0.2694063926940639
2016-06-12,0.48395721925133695
2016-06-12,0.2420091324200913
2016-06-12,0.10427807486631015
2016-06-14,0.02593126157645606
2016-06-14,0.04918707552994443
2016-06-14,0.020991973657131097
2016-06-18,0.002253374645201829
2016-06-18,0.0
2016-06-18,0.0018417004311745717
2016-06-21,0.08533333333333333
2016-06-21,0.17200000000000001
2016-06-21,0.08533333333333333
2016-06-22,0.013377238114838444
2016-06-22,0.03642724840502161
2016-06-22,0.017081704054332167
2016-06-24,0.08456659619450317
2016-06-24,0.09830866807610993
2016-06-24,0.0
2016-06-27,0.3246753246753247
2016-06-27,0.10533910533910534
2016-06-27,0.10389610389610389
2016-06-28,0.02341137123745819
2016-06-28,0.0
2016-06-28,0.014214046822742474
2016-07-03,0.05195843325339728
2016-07-03,0.01678657074340528
2016-07-03,0.0
2016-07-06,0.0
2016-07-06,0.0008701554097561824
2016-07-06,0.0006787212196098224
2016-07-17,0.0008546785835265913
2016-07-17,0.0006253745733121401
2016-07-17,0.0
2016-07-18,0.0003669724770642205
2016-07-18,0.0
2016-07-18,0.0018348623853211025
2016-07-20,0.013258040756199362
2016-07-20,0.011539405843358703
2016-07-28,0.015566835871404401
2016-07-28,0.012182741116751267
2016-07-28,0.0
2016-07-29,0.45588235294117646
2016-07-29,0.7205882352941176
2016-07-29,1.0
2016-07-29,0.7205882352941176
2016-07-29,0.0
2016-07-29,0.0
2016-07-30,0.0
2016-07-30,0.0007556609427521693
2016-07-30,0.0009641191338562159
2016-07-31,0.005685279187817259
2016-07-31,0.00517766497461929
2016-08-02,0.0018348623853211025
2016-08-02,0.006972477064220184
2016-08-02,0.21390374331550802
2016-08-02,0.21390374331550802
2016-08-02,1.0
2016-08-02,0.24064171122994651
2016-08-02,0.2245989304812834
2016-08-02,0.0
2016-08-02,0.7326203208556149
2016-08-04,0.5205479452054794
2016-08-04,0.6757990867579908
2016-08-04,0.0
2016-08-08,0.023255813953488375
2016-08-08,0.05023255813953488
2016-08-08,0.0
2016-08-10,0.0
2016-08-10,0.06342494714587738
2016-08-10,0.08456659619450317
2016-08-11,0.02593126157645606
2016-08-11,0.01625848940111134
2016-08-11,0.01296563078822803
2016-08-14,0.00517766497461929
2016-08-14,0.004060913705583756
2016-08-15,1.0
2016-08-15,0.06573275862068965
2016-08-15,0.05495689655172414
2016-08-25,0.0
2016-08-25,0.0
2016-08-25,0.0
2016-08-25,0.0
2016-08-26,0.0
2016-08-27,0.0
2016-09-01,0.0
2016-09-02,0.0
2016-09-20,0.0
2016-09-25,0.0
2016-09-26,0.0
2016-09-27,0.10160427807486633
2016-09-29,0.9126984126984127
2016-09-30,0.0
2016-09-30,0.0
2016-10-02,0.045894216917061116
2016-10-04,0.0
2016-10-05,0.9155963302752294
2016-10-09,0.1294505042189751
2016-10-14,0.04445359127392468
2016-10-16,0.08121827411167513
2016-10-20,0.0
2016-10-21,0.0
2016-10-24,0.1654094827586207
2016-10-25,0.2246410375173692
2016-11-01,0.03341396773463741
2016-11-05,0.0
2016-11-06,0.0
2016-11-14,0.23809523809523808
2016-11-15,0.0
2016-11-18,0.0
2016-11-25,0.03827948137476847
2016-11-26,0.1346788990825688
2016-11-29,0.020991973657131097
2016-12-02,0.0
2016-12-02,0.0
2016-12-02,0.0
2016-12-02,0.0
2016-12-02,0.00046381947520650384
2016-12-02,0.0
2016-12-04,0.0
2016-12-06,0.0
2016-12-07,0.0
2016-12-11,0.0
2016-12-30,0.07936507936507936
2017-01-07,0.0016543383597330242
2017-01-10,0.018604651162790697
2017-01-10,0.9720930232558139
2017-01-10,0.0
2017-01-12,0.26666666666666666
2017-01-13,0.0
2017-01-20,0.05549915397631134
2017-01-21,0.0
2017-01-23,0.0
2017-01-25,0.024490635933319616
2017-02-02,0.12721584984358708
2017-02-03,0.0009641191338562159
2017-02-06,0.04939287919324964
2017-02-07,0.023050010290183165
2017-02-08,0.0
2017-02-10,0.0
2017-02-12,0.018522329697468615
2017-02-19,0.20680870773506255
2017-03-06,0.3693333333333333
2017-03-07,0.003090392683117492
2017-03-08,0.14924568965517238
2017-03-09,0.0
2017-03-10,0.008323424494649227
2017-03-10,0.0
2017-03-10,0.0
2017-03-11,0.015023667421280099
2017-03-12,0.01296563078822803
2017-03-14,0.0
2017-03-15,0.0
2017-03-15,0.07720930232558139
2017-03-15,0.05116279069767442
2017-03-16,0.0006253745733121401
2017-03-17,0.0008859473121921983
2017-03-18,0.03519242642519037
2017-03-20,0.0
2017-03-20,0.0
2017-03-20,0.0
2017-03-21,0.0009015816765250017
2017-03-22,0.0017354144409411883
2017-03-22,0.025108046923235237
2017-03-24,0.019757151677299856
2017-03-25,0.024490635933319616
2017-03-25,0.0
2017-03-25,0.0
2017-03-26,0.07070707070707072
2017-03-29,0.0014331500638403206
2017-03-31,0.0
2017-04-02,0.017699115044247787
2017-04-03,0.014993355395158555
2017-04-04,0.0052000953350811435
2017-04-05,0.0
2017-04-09,0.04940778341793571
2017-04-11,0.021815188310351924
2017-04-12,0.0
2017-04-14,0.029635727515949787
2017-04-15,0.003380061967802743
2017-04-16,0.06179499754781755
2017-04-17,0.0
2017-04-18,0.1461187214611872
2017-04-19,0.006478452104955257
2017-04-20,0.015773622516412802
2017-04-20,0.011916885142894285
2017-04-23,0.0
2017-04-26,0.07477141156738625
2017-05-02,0.10427807486631015
2017-05-05,0.7192627824019026
2017-05-08,0.001043738982452547
2017-05-09,0.5908442330558858
2017-05-10,1.0
2017-05-12,0.0008442556739713889
2017-05-13,0.04633620689655172
2017-05-14,0.0011048284128514474
2017-05-15,0.0
2017-05-17,1.0
2017-05-17,0.4744525547445255
2017-05-17,0.9791449426485923
2017-05-17,0.9728884254431699
2017-05-17,0.7601668404588112
2017-05-19,0.000594105844646533
2017-05-20,0.01234821979831241
2017-05-22,0.005525101293523715
2017-05-24,0.020580366330520683
2017-05-26,0.0
2017-05-26,0.0
2017-05-28,0.09047619047619047
2017-05-29,0.010205187095096744
2017-05-29,0.21815655396016678
2017-05-31,0.03457501543527475
2017-06-01,0.0
2017-06-02,0.003246736326445527
2017-06-03,0.2009132420091324
2017-06-04,0.1891163793103448
2017-06-07,0.001469630247283529
2017-06-10,0.1853026409317076
2017-06-11,0.20779220779220783
2017-06-13,0.12133333333333333
2017-06-15,0.0
2017-06-17,0.22510421491431223
2017-06-18,0.0
2017-06-20,0.0
2017-06-21,0.0036302069828099024
2017-06-21,0.0016386048325768585
2017-06-22,0.2183881426586383
2017-06-26,0.0
2017-06-27,0.01296563078822803
2017-06-30,0.11706490240034993
2017-06-30,0.09049155229919623
2017-06-30,0.15681557220186998
2017-06-30,0.1078243753075619
2017-06-30,0.07053420088577833
2017-06-30,0.09043687462409099
2017-07-01,0.0013771253380167215
2017-07-05,0.0
2017-07-09,0.0
2017-07-11,0.11370558375634517
2017-07-11,0.09204737732656514
2017-07-12,0.002225291190035698
2017-07-12,0.0016780884383875757
2017-07-12,0.004096203455194517
2017-07-12,0.0017458373504963907
2017-07-12,0.0
2017-07-12,0.0058472522604685094
2017-07-13,0.17316017316017318
2017-07-19,0.0014383615186179218
2017-07-21,0.002630047916117378
2017-07-22,0.0010787711389634415
2017-07-23,0.0017540916093409192
2017-07-24,0.04877546820333402
2017-07-25,0.0
2017-07-27,0.0
2017-07-27,0.0
2017-07-28,0.0025744586601349766
2017-07-29,0.15051669101336362
2017-07-30,0.9192645883293366
2017-08-01,0.019757151677299856
2017-08-02,0.0012924407848450893
2017-08-04,0.038691088701378884
2017-08-07,0.0
2017-08-07,0.012501895868090914
2017-08-08,0.0
2017-08-09,0.0055695132341309185
2017-08-10,0.0
2017-08-10,0.0
2017-08-11,0.0
2017-08-13,0.0008181984000833831
2017-08-15,0.001610277887332844
2017-08-16,0.0
2017-08-17,0.010205187095096744
2017-08-20,0.0
2017-08-20,0.7206349206349205
2017-08-22,0.10245310245310245
2017-08-24,0.0
2017-08-26,0.0
2017-08-27,0.3594080338266385
2017-08-28,0.0
2017-08-29,0.0300473348425602
2017-08-29,0.030253138505865407
2017-08-29,0.03683885573163202
2017-08-29,0.02819510187281334
2017-08-29,0.027166083556287305
2017-08-29,0.025313850586540444
2017-08-30,0.0021724588006371386
2017-09-01,0.2435751771898501
2017-09-02,0.9489051094890512
2017-09-03,0.09117102284420663
2017-09-04,0.2348309402501158
2017-09-05,0.11764705882352941
2017-09-09,0.0
2017-09-14,0.31810490693739424
2017-09-20,0.03169376414900186
2017-09-22,0.1350253807106599
2017-09-23,0.0
2017-09-23,0.0
2017-09-24,0.0
2017-09-26,0.39086294416243655
2017-09-27,0.001224691872736274
2017-09-28,0.0009589076790786147
2017-09-28,0.0026682648461317975
2017-09-29,0.009557075526173006
2017-10-01,0.01074686369250103
2017-10-02,0.01937035512317726
2017-10-03,0.0
2017-10-05,0.008710159686260915
2017-10-08,0.0
2017-10-09,0.284
2017-10-10,0.0
2017-10-12,0.043012965630788234
2017-10-14,0.004937604455610587
2017-10-14,0.04980448651986005
2017-10-15,0.009985147353883837
2017-10-18,0.018807011461876803
2017-10-22,0.0
2017-10-23,0.052274130479522535
2017-10-24,0.25243168133395094
2017-10-25,0.0
2017-10-27,0.0
2017-10-29,0.0
2017-10-30,0.018522329697468615
2017-11-03,0.0
2017-11-04,0.06256431364478288
2017-11-05,0.14732456852242604
2017-11-06,0.4830866807610994
2017-11-10,0.20245631120489097
2017-11-11,0.3038917089678511
2017-11-12,0.20372250423011842
2017-11-13,0.0
2017-11-14,0.0036302069828099024
2017-11-16,0.18728133360773822
2017-11-17,0.0
2017-11-17,0.0
2017-11-17,0.0
2017-11-17,0.15961945031712477
2017-11-17,0.0
2017-11-20,0.011223539098216802
2017-11-23,0.0
2017-11-24,0.0024337493811397446
2017-11-25,0.0
2017-11-26,0.010205187095096744
2017-11-27,0.0010735596841858405
2017-11-29,0.6666666666666666
2017-11-30,0.21051412691060678
2017-11-30,0.20657711903659104
2017-11-30,0.21723019916628072
2017-11-30,0.21584066697545162
2017-11-30,0.198008337193145
2017-11-30,0.2135247799907365
2017-11-30,0.19847151459008805
2017-11-30,0.20819823992589165
2017-12-01,0.0
2017-12-02,0.1952380952380952
2017-12-04,0.0
2017-12-05,0.0
2017-12-08,0.6587155963302752
2017-12-10,0.0
2017-12-11,0.0027389977055174352
2017-12-12,0.0
2017-12-13,0.0
2017-12-14,0.20855614973262032
2017-12-18,0.03272278246552788
2017-12-20,0.0
2017-12-20,0.0
2017-12-21,0.0
2017-12-22,0.0
2017-12-23,0.32756132756132755
2017-12-25,0.0
2017-12-30,0.0
2018-01-01,0.0
2018-01-02,0.0
2018-01-04,0.03457501543527475
2018-01-06,0.17914438502673793
2018-01-07,0.0
2018-01-10,0.0
2018-01-12,0.0
2018-01-12,0.0
2018-01-12,0.0
2018-01-12,0.0
2018-01-13,0.0
2018-01-14,0.33509513742071884
2018-01-15,0.0
2018-01-19,0.039925910681210125
2018-01-21,0.0
2018-01-22,0.0
2018-01-24,0.519047619047619
2018-01-26,0.2459893048128342
2018-01-30,0.002741225213018214
2018-01-31,0.20032422417786017
2018-01-31,0.26493747105141274
2018-01-31,0.26956924502084306
2018-01-31,0.2216303844372395
2018-01-31,0.22718851320055586
2018-01-31,0.20541917554423347
2018-01-31,0.23043075497915705
2018-02-05,0.0
2018-02-09,0.0
2018-02-09,0.0
2018-02-11,0.004943999695753865
2018-02-12,0.15873015873015875
2018-02-14,0.020973717851493944
2018-02-23,0.010616861309124
2018-02-24,0.0019021809938244258
2018-02-26,0.25333333333333335
2018-02-26,0.21066666666666667
2018-02-28,0.21468272348309406
2018-03-01,0.005155504034410702
2018-03-05,0.01467771562797569
2018-03-06,0.02353364519611371
2018-03-11,0.04383618028400906
2018-03-11,0.03457501543527475
2018-03-18,0.0
2018-03-21,0.0010735596841858405
2018-03-21,0.0
2018-03-21,0.0
2018-03-21,0.0
2018-03-21,0.0
2018-03-21,0.0
2018-03-24,0.1331923890063425
2018-03-24,0.0
2018-03-24,0.0
2018-03-25,0.0
2018-04-01,0.026754476229676888
2018-04-03,0.0
2018-04-08,0.412
2018-04-09,0.0
2018-04-10,0.0
2018-04-11,0.0
2018-04-12,0.0
2018-04-13,0.0
2018-04-13,0.0
2018-04-14,0.3650793650793651
2018-04-17,0.0
2018-04-19,0.0
2018-04-21,0.2301991662806855
2018-04-22,0.002717207747637424
2018-04-23,0.002409969341529263
2018-04-24,0.0003027032951000623
2018-04-24,0.0006583944026170898
2018-04-29,0.0
2018-04-30,0.0
2018-05-02,0.0
2018-05-02,0.8200791651673264
2018-05-02,0.047786973731558116
2018-05-02,0.0
2018-05-02,0.013961856783015474
2018-05-02,0.0016552716804605974
2018-05-03,0.015473191795609931
2018-05-03,0.02346161761679358
2018-05-07,0.0
2018-05-13,0.00988799939150773
2018-05-14,0.07215007215007216
2018-05-15,0.10389610389610389
2018-05-15,0.04617604617604618
2018-05-15,0.06637806637806638
2018-05-15,0.10678210678210678
2018-05-15,0.09090909090909091
2018-05-15,0.12554112554112554
2018-05-15,0.004329004329004328
2018-05-18,0.0
2018-05-19,0.0
2018-05-20,0.004087796098290142
2018-05-22,0.002553612841024572
2018-05-22,0.0003700132892096828
2018-05-22,0.002736013758240613
2018-05-22,0.0018292206269380094
2018-05-22,0.0008703129478593947
2018-05-22,0.004283815827188159
2018-05-25,0.0018135862626052059
2018-05-25,0.0
2018-05-25,0.0005263569325377179
2018-05-25,0.0027203793939078093
2018-05-25,0.00014592073377283266
2018-05-25,0.003945071266644083
2018-05-25,0.002558824295802173
2018-05-27,0.2297359888837425
2018-05-27,0.23784159333024554
2018-06-01,0.0
2018-06-01,0.0
2018-06-03,0.028787333573227783
2018-06-04,0.014249730118747752
2018-06-06,0.0013028636944002916
2018-06-06,0.0
2018-06-11,0.005963911471759125
2018-06-13,0.0
2018-06-15,0.0
2018-06-17,0.0
2018-06-17,0.0
2018-06-20,0.0007556609427521693
2018-06-23,0.0017875289887172002
2018-06-30,0.002845768499129491
2018-07-01,0.0008703129478593947
2018-07-01,0.0010735596841858405
2018-07-03,0.6253968253968253
2018-07-04,0.0
2018-07-06,0.27674849467345997
2018-07-06,0.2755905511811024
2018-07-06,0.21653543307086617
2018-07-06,0.1931449745252432
2018-07-06,0.22394627142195464
2018-07-06,0.19823992589161654
2018-07-06,0.0
2018-07-09,0.0010214451364098287
2018-07-09,0.0
2018-07-10,0.0
2018-07-11,0.0
2018-07-14,0.0
2018-07-15,0.0048100881849500576
2018-07-18,0.26798748696558916
2018-07-18,0.24504692387904067
2018-07-19,0.707936507936508
2018-07-21,0.3203463203463203
2018-07-22,0.004886953545418244
2018-07-28,0.0
2018-07-29,0.1645021645021645
2018-08-01,0.0
2018-08-03,0.0006722776663105506
2018-08-04,0.625668449197861
2018-08-08,0.05697127089758157
2018-08-08,0.43515663041714014
2018-08-08,0.06340961965048965
2018-08-08,0.028566791105340043
2018-08-08,0.7998160471784884
2018-08-09,0.0
2018-08-10,0.0
2018-08-11,0.0007400265784193658
2018-08-12,0.24285714285714285
2018-09-06,0.0
2018-09-07,0.0006931234854209552
2018-09-09,0.0
2018-09-11,0.004268411587545772
2018-09-13,0.0
2018-09-14,0.0
2018-09-16,0.2072718851320056
2018-09-22,0.0009015816765250017
2018-09-25,0.005901403382511695
2018-09-28,0.0015999166167235581
2018-09-30,0.0754653130287648
2018-10-05,0.005199083950170724
2018-10-09,0.004636751673780686
2018-10-12,0.0
2018-10-13,0.0
2018-10-13,0.0
2018-10-19,0.0
2018-10-24,0.0010266565911874299
2018-10-27,0.0021679651874820854
2018-10-29,0.00039004024605220435
2018-10-30,0.0
2018-10-31,0.0007087578497537587
2018-11-04,0.0
2018-11-08,0.2072718851320056
2018-11-12,0.03466666666666666
2018-11-14,0.0
2018-11-15,0.0
2018-11-23,0.14444444444444443
2018-11-27,0.20101899027327472
2018-11-28,0.20055581287633167
2018-11-28,0.0
2018-12-16,0.0
2018-12-19,0.0
2018-12-19,0.0
2019-01-02,0.0
2019-01-03,0.0
2019-01-03,0.0
2019-01-04,0.0
2019-01-05,0.0063701167854744
2019-01-06,0.0
2019-01-09,0.0
2019-01-11,0.1564129301355579
2019-01-21,0.0
2019-01-24,0.0023453865125549916
2019-01-24,0.0005079878771527468
2019-01-26,0.0006057608290643173
2019-01-30,0.0
2019-01-30,0.0
2019-01-30,0.0
2019-01-30,0.0
2019-01-30,0.0
2019-01-30,0.0
2019-01-31,0.21259842519685043
2019-02-09,0.0004968110396642603
2019-02-10,0.23492063492063495
2019-02-17,0.16161616161616163
2019-02-18,0.0008556922550343228
2019-02-18,0.0008556922550343228
2019-02-18,0.2583810302534751
2019-02-18,0.005495445815664872
2019-02-18,1.0
2019-02-18,0.00036129228545893626
2019-02-18,0.001445169141835745
2019-02-21,0.0034395601532167704
2019-02-22,0.0015269562498371417
2019-03-02,0.0007035463949761576
2019-03-04,0.03733333333333333
2019-03-06,0.18003384094754654
2019-03-08,0.0
2019-03-08,0.0
2019-03-10,0.0004325507465408969
2019-03-12,0.012675232379260286
2019-03-18,0.005026758823911772
2019-03-22,0.0014010942916847342
2019-03-22,0.0037413357679979605
2019-03-22,0.9520620926639749
2019-03-22,0.0006057608290643173
2019-03-22,0.0019654542007770297
2019-03-22,0.0008127654289244258
2019-03-22,0.0021724588006371386
2019-03-22,0.2634994236556141
2019-03-23,0.0053734318462505155
2019-03-24,0.0
2019-03-24,0.0
2019-03-24,0.05685279187817259
2019-04-03,0.004480015340130347
2019-04-03,0.28964737311162775
2019-04-03,0.002564678042477344
2019-04-03,0.0014359582242927525
2019-04-03,0.0008280183994404339
2019-04-03,0.0014054522832607364
2019-04-03,0.0013466193969847056
2019-04-03,0.00032467037241217016
2019-04-03,0.92373514741996
2019-04-09,0.2805005213764338
2019-04-10,0.0038564765354248635
2019-04-10,0.0017875289887172002
2019-04-10,0.0013497667873987023
2019-04-10,1.0
2019-04-10,5.732600255361283e-05
2019-04-10,0.2697188420147484
2019-04-10,0.0011152513224066498
2019-04-10,0.0004950882038721109
2019-04-11,0.0016059198957568417
2019-04-15,0.3126984126984127
2019-04-17,0.0004950882038721109
2019-04-19,0.001000599317299424
2019-04-27,0.000562837115980926
2019-04-30,0.0012038460536258695
2019-05-14,0.029780033840947545
2019-05-15,0.2286354910475958
2019-05-15,0.00204171905335707
2019-05-15,0.0007452165594963904
2019-05-15,0.000952221159356499
2019-05-15,0.000845450365744443
2019-05-15,0.0007386795721323869
2019-05-15,1.0
2019-05-22,0.030666666666666665
2019-05-26,0.19365079365079363
2019-06-03,0.02538071065989848
2019-06-15,0.0024858639289157564
2019-06-17,0.004605973371716445
2019-06-21,0.006980928391507736
2019-06-24,0.00024493837454725486
2019-06-24,0.0021627537327044842
2019-06-28,0.0
2019-06-29,0.2545482971571514
2019-06-29,0.00014592073377283266
2019-06-29,0.00477890403106027
2019-06-29,0.0011725773249602624
2019-06-29,0.0005367798420929202
2019-06-29,0.0004221278369856945
2019-06-29,0.9968731271334393
2019-06-29,3.126872866560701e-05
2019-07-02,0.000830197395228435
2019-07-03,0.07749576988155668
2019-07-09,0.0
2019-07-17,0.004116742140272572
2019-07-21,0.019910187740085482
2019-07-29,0.04297800338409476
2019-08-01,0.005951481356020533
2019-08-04,0.00156343643328035
2019-08-13,0.004102195034184959
2019-08-14,0.0015906669252408337
2019-08-18,0.0011050202587047431
2019-08-19,0.0019458432386850195
2019-08-19,0.0009478631677804966
2019-08-22,0.03045685279187817
2019-08-23,0.20426123205187588
2019-08-27,0.19870310328855956
2019-08-30,0.06395939086294417
2019-09-01,0.0007190686100403768
2019-09-09,0.007124865059373875
2019-09-13,0.0
2019-09-19,0.011658870097157251
2019-09-20,0.003308676719466048
2019-10-02,0.0005419912968705214
2019-10-02,0.0007869296714177763
2019-10-02,0.001412304244729916
2019-10-02,0.0009120045860802041
